name,wikipedia_url,category,birth_year,platform,known_for
Charli D'Amelio,https://en.wikipedia.org/wiki/Charli_D%27Amelio,TikTok creator,2004,TikTok,Most-followed TikTok creator at 16; mainstreamed dance trends
Addison Rae,https://en.wikipedia.org/wiki/Addison_Rae,TikTok creator,2000,TikTok,TikTok dance creator; crossed into music and film by 21
Khaby Lame,https://en.wikipedia.org/wiki/Khaby_Lame,TikTok creator,2000,TikTok,Most-followed TikTok creator globally; silent reaction videos
Bella Poarch,https://en.wikipedia.org/wiki/Bella_Poarch,TikTok creator,1997,TikTok,Viral lip-sync video; pivoted to music career
Dixie D'Amelio,https://en.wikipedia.org/wiki/Dixie_D%27Amelio,TikTok creator,2001,TikTok,TikTok creator; music career; reality TV
Josh Richards,https://en.wikipedia.org/wiki/Josh_Richards,TikTok creator,2002,TikTok,TikTok creator; co-founder TalentX; Sway House
Noah Beck,https://en.wikipedia.org/wiki/Noah_Beck,TikTok creator,2001,TikTok,TikTok creator; Sway House member; model
Avani Gregg,https://en.wikipedia.org/wiki/Avani_Gregg,TikTok creator,2002,TikTok,Clown makeup trend; Hype House member
Loren Gray,https://en.wikipedia.org/wiki/Loren_Gray,TikTok creator,2002,TikTok,Early Musical.ly/TikTok star; music career
Chase Hudson,https://en.wikipedia.org/wiki/Chase_Hudson,TikTok creator,2002,TikTok,Lil Huddy; co-founder Hype House; e-boy aesthetic
Tony Lopez,https://en.wikipedia.org/wiki/Tony_Lopez,TikTok creator,1999,TikTok,TikTok dance creator; Lopez Brothers
Ondreaz Lopez,https://en.wikipedia.org/wiki/Ondreaz_Lopez,TikTok creator,1997,TikTok,TikTok dance creator; Lopez Brothers
Baby Ariel,https://en.wikipedia.org/wiki/Baby_Ariel,TikTok creator,2000,TikTok,Musical.ly pioneer; anti-bullying campaign; acting
Kristen Hancher,https://en.wikipedia.org/wiki/Kristen_Hancher,TikTok creator,1999,TikTok/Instagram,Early Musical.ly/TikTok star; beauty content
Daisy Keech,https://en.wikipedia.org/wiki/Daisy_Keech,TikTok creator/Instagram influencer,1996,Instagram/TikTok,Fitness model; Hype House co-founder
Cash Baker,https://en.wikipedia.org/wiki/Cash_Baker,TikTok creator,2003,TikTok,TikTok lip-sync and music; Baker brothers
Maverick Baker,https://en.wikipedia.org/wiki/Maverick_Baker,TikTok creator,2003,TikTok,TikTok music and lip-sync; Baker brothers
Jayden Bartels,https://en.wikipedia.org/wiki/Jayden_Bartels,TikTok creator,2004,TikTok/YouTube,TikTok dancer; actress; music
Hayden Summerall,https://en.wikipedia.org/wiki/Hayden_Summerall,Content creator,2005,YouTube/Instagram,Singer and actor; Chicken Girls; social media
Woah Vicky,https://en.wikipedia.org/wiki/Woah_Vicky,TikTok creator,2000,Instagram/TikTok,Viral internet personality; controversial social media presence
Danielle Cohn,https://en.wikipedia.org/wiki/Danielle_Cohn,Content creator,2004,YouTube/TikTok,Musical.ly and TikTok star; music; controversy over age
James Charles,https://en.wikipedia.org/wiki/James_Charles,Beauty YouTuber,1999,YouTube,First male CoverGirl ambassador; makeup tutorials; massive following
Nikita Dragun,https://en.wikipedia.org/wiki/Nikita_Dragun,Beauty YouTuber,1996,YouTube,Trans beauty influencer; Dragun Beauty brand
Bretman Rock,https://en.wikipedia.org/wiki/Bretman_Rock,Beauty YouTuber,1998,YouTube/Instagram,Filipino-American beauty influencer; MTV reality show
Patrick Starrr,https://en.wikipedia.org/wiki/Patrick_Starrr,Beauty YouTuber,1990,YouTube,Filipino-American beauty influencer; MAC collaboration
Manny MUA,https://en.wikipedia.org/wiki/Manny_MUA,Beauty YouTuber,1994,YouTube,Male beauty influencer; Maybelline first male ambassador
Jeffree Star,https://en.wikipedia.org/wiki/Jeffree_Star,Beauty YouTuber,1985,YouTube/MySpace,MySpace musician turned beauty mogul; Jeffree Star Cosmetics
Simply Nailogical,https://en.wikipedia.org/wiki/Simply_Nailogical,Beauty YouTuber,1988,YouTube,Nail art; holo obsession; Canadian YouTuber
Liza Koshy,https://en.wikipedia.org/wiki/Liza_Koshy,Content creator,1996,YouTube/Vine,Vine and YouTube star; actress; host
Logan Paul,https://en.wikipedia.org/wiki/Logan_Paul,Content creator,1995,YouTube/Vine,Vine star; YouTube boxer; Impaulsive podcast
Jake Paul,https://en.wikipedia.org/wiki/Jake_Paul,Content creator,1997,YouTube/Vine,Disney Channel; Team 10; boxing career
RiceGum,https://en.wikipedia.org/wiki/RiceGum,Content creator,1996,YouTube,Diss-track YouTuber; early YouTube drama content
Alissa Violet,https://en.wikipedia.org/wiki/Alissa_Violet,Content creator,1996,YouTube/Vine,Vine and YouTube; Team 10; CloutGang
Tana Mongeau,https://en.wikipedia.org/wiki/Tana_Mongeau,Content creator,1998,YouTube,Storytime YouTuber; TanaCon; reality show
Gabbie Hanna,https://en.wikipedia.org/wiki/Gabbie_Hanna,Content creator,1991,YouTube/Vine,Vine and YouTube creator; music and poetry
Trisha Paytas,https://en.wikipedia.org/wiki/Trisha_Paytas,Content creator,1988,YouTube,Long-running YouTube personality; music; Frenemies podcast
Shane Dawson,https://en.wikipedia.org/wiki/Shane_Dawson,Content creator,1988,YouTube,Early YouTube pioneer; documentary-style content
Jenna Marbles,https://en.wikipedia.org/wiki/Jenna_Marbles,Content creator,1986,YouTube,Most-subscribed female YouTuber; early platform pioneer
Colleen Ballinger,https://en.wikipedia.org/wiki/Colleen_Ballinger,Content creator,1986,YouTube,Created Miranda Sings; Netflix series
Tyler Oakley,https://en.wikipedia.org/wiki/Tyler_Oakley,Content creator,1989,YouTube,Early YouTube LGBTQ advocate; mainstream crossover
Connor Franta,https://en.wikipedia.org/wiki/Connor_Franta,Content creator,1992,YouTube,O2L member; bestselling author; coffee brand
Kian Lawley,https://en.wikipedia.org/wiki/Kian_Lawley,Content creator,1995,YouTube,O2L member; actor in The Chosen
JC Caylen,https://en.wikipedia.org/wiki/JC_Caylen,Content creator,1992,YouTube,O2L member; YouTube vlog pioneer
Trevor Moran,https://en.wikipedia.org/wiki/Trevor_Moran,Content creator,1993,YouTube,O2L member; music career
Gigi Gorgeous,https://en.wikipedia.org/wiki/Gigi_Gorgeous,Content creator,1992,YouTube,Transgender YouTube pioneer; documentary subject
Eva Gutowski,https://en.wikipedia.org/wiki/Eva_Gutowski,Content creator,1994,YouTube,Lifestyle vlogger; MyLifeAsEva; author
Safiya Nygaard,https://en.wikipedia.org/wiki/Safiya_Nygaard,Content creator,1992,YouTube,BuzzFeed video star; solo YouTube channel
Simone Giertz,https://en.wikipedia.org/wiki/Simone_Giertz,Content creator,1991,YouTube,Shitty Robot queen; inventor; TED speaker
Lindsey Stirling,https://en.wikipedia.org/wiki/Lindsey_Stirling,Music artist,1986,YouTube,Violinist; YouTube music pioneer; Billboard charting
Todrick Hall,https://en.wikipedia.org/wiki/Todrick_Hall,Content creator,1985,YouTube,YouTube musical content; Broadway; American Idol
Ryan Higa,https://en.wikipedia.org/wiki/Ryan_Higa,Content creator,1990,YouTube,NigaHiga; most-subscribed YouTube channel 2008-2013
Kevin Wu,https://en.wikipedia.org/wiki/Kevin_Wu,Content creator,1990,YouTube,KevJumba; early YouTube Asian-American pioneer
Ian Hecox,https://en.wikipedia.org/wiki/Ian_Hecox,Content creator,1987,YouTube,Smosh co-founder; one of YouTube's earliest channels
Anthony Padilla,https://en.wikipedia.org/wiki/Anthony_Padilla,Content creator,1987,YouTube,Smosh co-founder; solo interview channel
Freddie Wong,https://en.wikipedia.org/wiki/Freddiew,Content creator,1985,YouTube,Action VFX content; RocketJump; YouTube pioneer
Philip DeFranco,https://en.wikipedia.org/wiki/Philip_DeFranco,Content creator,1985,YouTube,News commentary; one of YouTube's longest-running shows
Ethan Klein,https://en.wikipedia.org/wiki/Ethan_Klein,Content creator,1985,YouTube,H3H3 Productions; h3 podcast; commentary channel
MatPat,https://en.wikipedia.org/wiki/MatPat,Content creator,1986,YouTube,Game Theory; Film Theory; educational content empire
Toby Turner,https://en.wikipedia.org/wiki/Toby_Turner,Content creator,1985,YouTube,Tobuscus; early YouTube gaming and vlog pioneer
Bart Baker,https://en.wikipedia.org/wiki/Bart_Baker,Content creator,1986,YouTube,Music video parodies; YouTube's parody king
ScottTheWoz,https://en.wikipedia.org/wiki/ScottTheWoz,Content creator,1997,YouTube,Gaming commentary; unique editing style
Arin Hanson,https://en.wikipedia.org/wiki/Arin_Hanson,Content creator,1987,YouTube,Egoraptor; Game Grumps co-founder; animator
JonTron,https://en.wikipedia.org/wiki/JonTron,Content creator,1990,YouTube,Game reviews; comedy; JonTronShow
ProJared,https://en.wikipedia.org/wiki/ProJared,Content creator,1985,YouTube,Game reviews; D&D content
Grace Helbig,https://en.wikipedia.org/wiki/Grace_Helbig,Content creator,1985,YouTube,DailyGrace; YouTube pioneer; E! talk show
Hannah Hart,https://en.wikipedia.org/wiki/Hannah_Hart,Content creator,1986,YouTube,My Drunk Kitchen; YouTube pioneer; author
Timothy DeLaGhetto,https://en.wikipedia.org/wiki/Timothy_DeLaGhetto,Content creator,1986,YouTube,Early YouTube comedian; Wild 'N Out cast
Ricky Dillon,https://en.wikipedia.org/wiki/Ricky_Dillon,Content creator,1992,YouTube,O2L member; music career; YouTube vlog pioneer
Ryland Adams,https://en.wikipedia.org/wiki/Ryland_Adams,Content creator,1991,YouTube,YouTube personality; Shane Dawson partner; podcast
Garrett Watts,https://en.wikipedia.org/wiki/Garrett_Watts,Content creator,1989,YouTube,YouTube comedy; Shane Dawson collaborator
Andrew Siwicki,https://en.wikipedia.org/wiki/Andrew_Siwicki,Content creator,1991,YouTube,YouTube cinematographer and creator; Shane Dawson team
Rachel Ballinger,https://en.wikipedia.org/wiki/Rachel_Ballinger,Content creator,1991,YouTube,YouTube vlogger; Colleen Ballinger sister
Bailey Sarian,https://en.wikipedia.org/wiki/Bailey_Sarian,Content creator,1986,YouTube,Murder Mystery & Makeup; true crime + beauty hybrid
Vsauce,https://en.wikipedia.org/wiki/Michael_Stevens_(educator),Content creator,1986,YouTube,Vsauce educational channel; YouTube pioneer
Amanda Steele,https://en.wikipedia.org/wiki/Amanda_Steele,Content creator,1998,YouTube/Instagram,Beauty and fashion; early YouTube; model
Claudia Sulewski,https://en.wikipedia.org/wiki/Claudia_Sulewski,Content creator,1996,YouTube,Fashion and lifestyle; actress; YouTube pioneer
Sara Dietschy,https://en.wikipedia.org/wiki/Sara_Dietschy,Content creator,1994,YouTube,Tech and lifestyle; YouTube creator
Brandon Calvillo,https://en.wikipedia.org/wiki/Brandon_Calvillo,Content creator,1994,Vine/YouTube,Vine star; filmmaker; YouTube
Brent Rivera,https://en.wikipedia.org/wiki/Brent_Rivera,Content creator,1998,YouTube/TikTok,Vine and YouTube creator; Amp Studios founder
Larray,https://en.wikipedia.org/wiki/Larray,Content creator,1998,YouTube/TikTok,Comedic TikTok and YouTube content; music parodies
Destin Conrad,https://en.wikipedia.org/wiki/Destin_Conrad,Content creator,1996,YouTube/TikTok,Lifestyle and comedy; YouTube; music
Inanna Sarkis,https://en.wikipedia.org/wiki/Inanna_Sarkis,Content creator,1993,YouTube/Instagram,YouTube comedy; model; actress
Meg Turney,https://en.wikipedia.org/wiki/Meg_Turney,Content creator,1987,YouTube,Cosplay; SourceFed; gaming content
Jazz Jennings,https://en.wikipedia.org/wiki/Jazz_Jennings,Content creator,2000,TV/YouTube,Transgender activist; I Am Jazz TLC show; YouTube
Cameron Dallas,https://en.wikipedia.org/wiki/Cameron_Dallas,Content creator,1994,Vine/YouTube,Vine star; Magcon tour; Netflix movie
Nash Grier,https://en.wikipedia.org/wiki/Nash_Grier,Content creator,1997,Vine/YouTube,Vine star; Magcon tour
Hayes Grier,https://en.wikipedia.org/wiki/Hayes_Grier,Content creator,2000,Vine/YouTube,Vine star; Magcon; Dancing with the Stars
King Bach,https://en.wikipedia.org/wiki/King_Bach,Content creator,1988,Vine/YouTube,Most-followed Vine creator; actor
Lele Pons,https://en.wikipedia.org/wiki/Lele_Pons,Content creator,1996,Vine/YouTube,Most-looped Viner; YouTube; music career
Amanda Cerny,https://en.wikipedia.org/wiki/Amanda_Cerny,Content creator,1991,Vine/YouTube,Vine and YouTube star; model; actress
Hannah Stocking,https://en.wikipedia.org/wiki/Hannah_Stocking,Content creator,1992,Vine/YouTube,Vine and YouTube creator; model
Juanpa Zurita,https://en.wikipedia.org/wiki/Juanpa_Zurita,Content creator,1997,Vine/YouTube,Mexican Vine star; YouTube; model; actor
Rudy Mancuso,https://en.wikipedia.org/wiki/Rudy_Mancuso,Content creator,1992,Vine/YouTube,Vine star; musician; YouTube
Anwar Jibawi,https://en.wikipedia.org/wiki/Anwar_Jibawi,Content creator,1991,Vine/YouTube,Vine and YouTube comedy creator
Thomas Sanders,https://en.wikipedia.org/wiki/Thomas_Sanders_(Internet_celebrity),Content creator,1989,Vine/YouTube,Vine star; YouTube; Broadway-style content
Shawn Mendes,https://en.wikipedia.org/wiki/Shawn_Mendes,Music artist,1998,Vine,Vine singing covers; mainstream pop star by 17
Jaiden Animations,https://en.wikipedia.org/wiki/Jaiden_Animations,Content creator,1997,YouTube,Animated story-time YouTuber; massive following
TheOdd1sOut,https://en.wikipedia.org/wiki/TheOdd1sOut,Content creator,1996,YouTube,Animated story-time YouTuber; bestselling author
Alan Becker,https://en.wikipedia.org/wiki/Alan_Becker,Content creator,1989,YouTube,Animator; Animator vs Animation series; massive views
Domics,https://en.wikipedia.org/wiki/Domics,Content creator,1991,YouTube,Animated story-time YouTuber; webcomic artist
Dream,https://en.wikipedia.org/wiki/Dream_(YouTuber),Content creator,1999,YouTube,Minecraft YouTuber; Dream SMP; massive following
GeorgeNotFound,https://en.wikipedia.org/wiki/GeorgeNotFound,Content creator,1996,YouTube,Minecraft YouTuber; Dream SMP member
Sapnap,https://en.wikipedia.org/wiki/Sapnap,Content creator,2001,YouTube,Minecraft YouTuber; Dream SMP member
TommyInnit,https://en.wikipedia.org/wiki/TommyInnit,Content creator,2004,YouTube/Twitch,Minecraft content; Dream SMP; massive teenage following
Tubbo,https://en.wikipedia.org/wiki/Tubbo_(streamer),Content creator,2003,Twitch/YouTube,Minecraft streamer; Dream SMP member
Wilbur Soot,https://en.wikipedia.org/wiki/Wilbur_Soot,Content creator,1996,YouTube/Twitch,Minecraft content; Dream SMP; music career
Technoblade,https://en.wikipedia.org/wiki/Technoblade,Content creator,1999,YouTube,Minecraft YouTuber; Dream SMP; posthumous legacy
Ranboo,https://en.wikipedia.org/wiki/Ranboo,Content creator,2003,YouTube/Twitch,Minecraft content; Dream SMP member
Nihachu,https://en.wikipedia.org/wiki/Nihachu,Content creator,2001,Twitch,Minecraft streamer; Dream SMP member
Quackity,https://en.wikipedia.org/wiki/Quackity,Content creator,2000,YouTube/Twitch,Minecraft content; Dream SMP; Toontown raids
Karl Jacobs,https://en.wikipedia.org/wiki/Karl_Jacobs,Content creator,1998,YouTube/Twitch,MrBeast team member; Minecraft content; Dream SMP
Chris Tyson,https://en.wikipedia.org/wiki/Chris_Tyson,Content creator,1996,YouTube,MrBeast team member; long-time collaborator
Corpse Husband,https://en.wikipedia.org/wiki/Corpse_Husband,Content creator,1997,YouTube,Faceless horror-narration YouTuber; music; Among Us
Ninja,https://en.wikipedia.org/wiki/Ninja_(streamer),Twitch streamer,1991,Twitch,Most-followed Twitch streamer; Fortnite streaming pioneer
Shroud,https://en.wikipedia.org/wiki/Shroud_(streamer),Twitch streamer,1994,Twitch,FPS streamer; CS:GO pro turned full-time streamer
Tfue,https://en.wikipedia.org/wiki/Tfue,Twitch streamer,1998,Twitch,Fortnite streamer; FaZe Clan; legal battle with FaZe
Pokimane,https://en.wikipedia.org/wiki/Pokimane,Twitch streamer,1996,Twitch,Most-followed female Twitch streamer; OfflineTV
xQc,https://en.wikipedia.org/wiki/XQc,Twitch streamer,1995,Twitch,Overwatch pro turned mega-streamer; high-energy content
Asmongold,https://en.wikipedia.org/wiki/Asmongold,Twitch streamer,1990,Twitch,World of Warcraft streamer; MMO category king
Summit1g,https://en.wikipedia.org/wiki/Summit1g,Twitch streamer,1987,Twitch,Long-running variety streamer; CS:GO and Sea of Thieves
TimTheTatman,https://en.wikipedia.org/wiki/TimTheTatman,Twitch streamer,1990,Twitch,Variety streamer; Call of Duty; mainstream gaming personality
NICKMERCS,https://en.wikipedia.org/wiki/Nickmercs,Twitch streamer,1990,Twitch,Call of Duty streamer; FaZe Clan; console gaming advocate
DrLupo,https://en.wikipedia.org/wiki/DrLupo,Twitch streamer,1985,Twitch,Fortnite and Destiny streamer; charity fundraising
Valkyrae,https://en.wikipedia.org/wiki/Valkyrae,Twitch streamer,1992,Twitch/YouTube,Co-owner of 100 Thieves; top female streamer
LilyPichu,https://en.wikipedia.org/wiki/LilyPichu,Twitch streamer,1991,Twitch,OfflineTV member; music and art content
Disguised Toast,https://en.wikipedia.org/wiki/Disguised_Toast,Twitch streamer,1991,Twitch,Hearthstone streamer; OfflineTV; variety content
Hasan Piker,https://en.wikipedia.org/wiki/Hasan_Piker,Twitch streamer,1991,Twitch,Political commentator; most-watched Just Chatting streamer
Ludwig Ahgren,https://en.wikipedia.org/wiki/Ludwig_Ahgren,Twitch streamer,1995,Twitch/YouTube,Subathon record; Super Smash Bros commentary; Mogul Money
MoistCr1TiKaL,https://en.wikipedia.org/wiki/MoistCr1TiKaL,Content creator,1994,YouTube/Twitch,Gaming commentary; esports team owner; variety content
Kai Cenat,https://en.wikipedia.org/wiki/Kai_Cenat,Twitch streamer,2001,Twitch,Most-subscribed Twitch streamer; AMP member
IShowSpeed,https://en.wikipedia.org/wiki/IShowSpeed,Content creator,2005,YouTube,Viral gaming and IRL streams; music career
Adin Ross,https://en.wikipedia.org/wiki/Adin_Ross,Twitch streamer,2000,Twitch/YouTube,Streaming personality; celebrity collaborations
Myth,https://en.wikipedia.org/wiki/Myth_(gamer),Twitch streamer,1999,Twitch,Fortnite streamer; TSM captain
Scarra,https://en.wikipedia.org/wiki/Scarra,Twitch streamer,1989,Twitch,League of Legends pro; OfflineTV founder
Sykkuno,https://en.wikipedia.org/wiki/Sykkuno,Twitch streamer,1992,Twitch,Among Us breakout; OfflineTV-adjacent; soft-spoken persona
Fanum,https://en.wikipedia.org/wiki/Fanum,Content creator,1997,YouTube/Twitch,AMP member; food and gaming content
Duke Dennis,https://en.wikipedia.org/wiki/Duke_Dennis,Content creator,1994,YouTube/Twitch,NBA 2K content; AMP member
PointCrow,https://en.wikipedia.org/wiki/PointCrow,Content creator,1998,YouTube/Twitch,Zelda and challenge content; streaming
SmallAnt,https://en.wikipedia.org/wiki/SmallAnt,Content creator,1996,YouTube/Twitch,Pokemon challenge runs; speedrunning
Alpharad,https://en.wikipedia.org/wiki/Alpharad,Content creator,1996,YouTube,Smash Bros content; gaming commentary
BoxBox,https://en.wikipedia.org/wiki/BoxBox,Twitch streamer,1994,Twitch,League of Legends streamer; music content
QuarterJade,https://en.wikipedia.org/wiki/QuarterJade,Twitch streamer,1996,Twitch,Variety streamer; OfflineTV member
Masayoshi,https://en.wikipedia.org/wiki/Masayoshi_(streamer),Twitch streamer,1995,Twitch,OfflineTV member; variety streaming
Sydeon,https://en.wikipedia.org/wiki/Sydeon,Twitch streamer,1996,Twitch,OfflineTV member; variety streaming
Fuslie,https://en.wikipedia.org/wiki/Fuslie,Twitch streamer,1992,Twitch,Among Us era; OfflineTV-adjacent; variety streamer
FaZe Banks,https://en.wikipedia.org/wiki/FaZe_Banks,Content creator,1991,YouTube,FaZe Clan COO; gaming lifestyle content
FaZe Rug,https://en.wikipedia.org/wiki/FaZe_Rug,Content creator,1996,YouTube,FaZe Clan member; gaming and vlog content
FaZe Kay,https://en.wikipedia.org/wiki/FaZe_Kay,Content creator,1994,YouTube,FaZe Clan leader; gaming content
FaZe Jarvis,https://en.wikipedia.org/wiki/FaZe_Jarvis,Content creator,2001,YouTube,FaZe Clan; Fortnite content; banned from Fortnite
FaZe Adapt,https://en.wikipedia.org/wiki/FaZe_Adapt,Content creator,1995,YouTube,FaZe Clan member; gaming content
FaZe Rain,https://en.wikipedia.org/wiki/FaZe_Rain,Content creator,1996,YouTube,FaZe Clan member; gaming content
FaZe Blaze,https://en.wikipedia.org/wiki/FaZe_Blaze,Content creator,1996,YouTube,FaZe Clan member; gaming content
FaZe Jev,https://en.wikipedia.org/wiki/FaZe_Jev,Content creator,1993,YouTube,FaZe Clan member; FPS gaming content
FaZe Temperrr,https://en.wikipedia.org/wiki/FaZe_Temperrr,Content creator,1992,YouTube,FaZe Clan co-founder; gaming lifestyle
FaZe Apex,https://en.wikipedia.org/wiki/FaZe_Apex,Content creator,1996,YouTube,FaZe Clan co-founder; gaming content
Faker,https://en.wikipedia.org/wiki/Faker_(gamer),Esports pro,1996,League of Legends,Greatest LoL player of all time; world champion at 17
Uzi,https://en.wikipedia.org/wiki/Uzi_(gamer),Esports pro,1997,League of Legends,Chinese LoL legend; world championship finalist at 17
Rookie,https://en.wikipedia.org/wiki/Rookie_(gamer),Esports pro,1997,League of Legends,LCK/LPL mid-laner; world champion at 17
JackeyLove,https://en.wikipedia.org/wiki/JackeyLove,Esports pro,2000,League of Legends,World champion at 18; IG bot laner
Chovy,https://en.wikipedia.org/wiki/Chovy,Esports pro,2001,League of Legends,Elite LCK mid-laner; prodigy from teenage debut
ShowMaker,https://en.wikipedia.org/wiki/ShowMaker,Esports pro,2000,League of Legends,LCK mid-laner; world championship semifinalist
Canyon,https://en.wikipedia.org/wiki/Canyon_(gamer),Esports pro,2001,League of Legends,LCK jungler; world champion with DWG
Keria,https://en.wikipedia.org/wiki/Keria,Esports pro,2002,League of Legends,LCK support prodigy; world championship finalist
Gumayusi,https://en.wikipedia.org/wiki/Gumayusi,Esports pro,2002,League of Legends,T1 bot laner; world champion
Rekkles,https://en.wikipedia.org/wiki/Rekkles,Esports pro,1996,League of Legends,European LoL bot laner; debuted professionally at 16
Caps,https://en.wikipedia.org/wiki/Caps_(gamer),Esports pro,1999,League of Legends,European LoL mid-laner; world championship finalist
Perkz,https://en.wikipedia.org/wiki/Perkz,Esports pro,1998,League of Legends,European LoL legend; MSI champion
Bjergsen,https://en.wikipedia.org/wiki/Bjergsen,Esports pro,1996,League of Legends,NA LCS mid-laner; multiple-time MVP
Doublelift,https://en.wikipedia.org/wiki/Doublelift,Esports pro,1993,League of Legends,NA LCS bot laner; longest-tenured pro
Dyrus,https://en.wikipedia.org/wiki/Dyrus,Esports pro,1989,League of Legends,Early NA LCS top laner; TSM legend
Sneaky,https://en.wikipedia.org/wiki/Sneaky_(gamer),Esports pro,1994,League of Legends,NA LCS bot laner; C9 world championship semifinalist
WildTurtle,https://en.wikipedia.org/wiki/WildTurtle,Esports pro,1994,League of Legends,NA LCS bot laner; TSM; early LCS star
Meteos,https://en.wikipedia.org/wiki/Meteos_(gamer),Esports pro,1993,League of Legends,NA LCS jungler; C9; early LCS star
xPeke,https://en.wikipedia.org/wiki/XPeke,Esports pro,1992,League of Legends,European LoL legend; backdoor play; Origen founder
s1mple,https://en.wikipedia.org/wiki/S1mple,Esports pro,1998,CS:GO,Greatest CS:GO player; major winner; HLTV #1 multiple times
ZywOo,https://en.wikipedia.org/wiki/ZywOo,Esports pro,2000,CS:GO,French CS:GO prodigy; HLTV #1 at 19
NiKo,https://en.wikipedia.org/wiki/NiKo_(gamer),Esports pro,1997,CS:GO,Bosnian-Serb CS:GO star; elite rifler
device,https://en.wikipedia.org/wiki/Device_(gamer),Esports pro,1995,CS:GO,Danish CS:GO AWPer; 4-time major winner with Astralis
coldzera,https://en.wikipedia.org/wiki/Coldzera,Esports pro,1991,CS:GO,Brazilian CS:GO star; back-to-back HLTV #1
FalleN,https://en.wikipedia.org/wiki/FalleN,Esports pro,1991,CS:GO,Brazilian CS:GO godfather; major winner; gaming school
N0tail,https://en.wikipedia.org/wiki/N0tail,Esports pro,1993,Dota 2,OG co-founder; two-time TI winner; Dota 2 legend
Ceb,https://en.wikipedia.org/wiki/Ceb,Esports pro,1992,Dota 2,OG off-laner; two-time TI winner; motivational figure
KuroKy,https://en.wikipedia.org/wiki/KuroKy,Esports pro,1992,Dota 2,German Dota 2 legend; TI winner with Team Liquid
Puppey,https://en.wikipedia.org/wiki/Puppey,Esports pro,1990,Dota 2,Estonian Dota 2 captain; TI winner; Team Secret founder
Dendi,https://en.wikipedia.org/wiki/Dendi,Esports pro,1989,Dota 2,Ukrainian Dota 2 icon; TI1 winner; Na'Vi legend
Miracle-,https://en.wikipedia.org/wiki/Miracle-_(gamer),Esports pro,1997,Dota 2,Jordanian Dota 2 prodigy; TI winner; first 9K MMR player
SumaiL,https://en.wikipedia.org/wiki/SumaiL,Esports pro,1999,Dota 2,Pakistani-American Dota 2 prodigy; TI winner at 16
Arteezy,https://en.wikipedia.org/wiki/Arteezy,Esports pro,1996,Dota 2,Canadian Dota 2 star; EG; massive following
Jaedong,https://en.wikipedia.org/wiki/Jaedong,Esports pro,1990,StarCraft,Korean Brood War legend; multiple OSL/MSL wins
Flash,https://en.wikipedia.org/wiki/Flash_(StarCraft_player),Esports pro,1992,StarCraft,Greatest Brood War player; Bonjwa; turned pro at 15
SonicFox,https://en.wikipedia.org/wiki/SonicFox,Esports pro,1997,Fighting games,Dominant FGC player; EVO champion across multiple games
Hungrybox,https://en.wikipedia.org/wiki/Hungrybox,Esports pro,1993,Super Smash Bros,Melee Jigglypuff legend; multiple EVO wins
Armada,https://en.wikipedia.org/wiki/Armada_(gamer),Esports pro,1993,Super Smash Bros,Swedish Melee legend; Fox/Peach main
Mang0,https://en.wikipedia.org/wiki/Mang0,Esports pro,1990,Super Smash Bros,Melee legend; multiple EVO wins; streamer
Mew2King,https://en.wikipedia.org/wiki/Mew2King,Esports pro,1989,Super Smash Bros,Melee and Brawl legend; data-driven player
Bugha,https://en.wikipedia.org/wiki/Bugha_(gamer),Esports pro,2002,Fortnite,Fortnite World Cup solo champion at 16
Clix,https://en.wikipedia.org/wiki/Clix_(gamer),Esports pro,2005,Fortnite,Fortnite pro; NRG; massive streaming following
TenZ,https://en.wikipedia.org/wiki/TenZ,Esports pro,2001,Valorant,Valorant star; Sentinels; CS:GO crossover
Sinatraa,https://en.wikipedia.org/wiki/Sinatraa,Esports pro,2000,Overwatch/Valorant,OW League MVP; Valorant pro
Nairo,https://en.wikipedia.org/wiki/Nairo_(gamer),Esports pro,1996,Super Smash Bros,Smash 4 top player; major tournament winner
Lil Nas X,https://en.wikipedia.org/wiki/Lil_Nas_X,Music artist,1999,Internet/TikTok,Old Town Road viral TikTok breakout; Billboard record
Post Malone,https://en.wikipedia.org/wiki/Post_Malone,Music artist,1995,Internet/SoundCloud,White Iverson SoundCloud breakout; mainstream rap-pop star
Doja Cat,https://en.wikipedia.org/wiki/Doja_Cat,Music artist,1995,Internet/SoundCloud,Moo! viral video; TikTok-driven hits; Grammy winner
Clairo,https://en.wikipedia.org/wiki/Clairo,Music artist,1998,YouTube/Bandcamp,Pretty Girl DIY bedroom-pop video; lo-fi pioneer
Cuco,https://en.wikipedia.org/wiki/Cuco_(musician),Music artist,1999,YouTube/SoundCloud,Chicano bedroom-pop; bilingual internet breakout
Boy Pablo,https://en.wikipedia.org/wiki/Boy_Pablo,Music artist,1999,YouTube/Spotify,Norwegian bedroom-pop; Everytime algorithmic viral hit
Rex Orange County,https://en.wikipedia.org/wiki/Rex_Orange_County,Music artist,1998,YouTube/SoundCloud,UK bedroom-pop; Tyler the Creator collaboration
24kGoldn,https://en.wikipedia.org/wiki/24kGoldn,Music artist,2000,TikTok/Internet,Mood TikTok viral hit; Billboard #1
Jack Harlow,https://en.wikipedia.org/wiki/Jack_Harlow,Music artist,1998,YouTube/Internet,Whats Poppin TikTok viral; mainstream rap crossover
Roddy Ricch,https://en.wikipedia.org/wiki/Roddy_Ricch,Music artist,1998,YouTube/SoundCloud,The Box TikTok viral; Grammy winner
PinkPantheress,https://en.wikipedia.org/wiki/PinkPantheress,Music artist,2001,TikTok,TikTok-produced bedroom-pop; sample-driven viral hits
Tate McRae,https://en.wikipedia.org/wiki/Tate_McRae,Music artist,2003,YouTube/TikTok,you broke me first viral; dancer turned pop star
Olivia Rodrigo,https://en.wikipedia.org/wiki/Olivia_Rodrigo,Music artist,2003,Internet/TikTok,drivers license viral; TikTok-driven debut album
Conan Gray,https://en.wikipedia.org/wiki/Conan_Gray,Music artist,1998,YouTube,YouTube vlog-turned-pop star; Heather TikTok hit
Lauv,https://en.wikipedia.org/wiki/Lauv,Music artist,1994,SoundCloud/Spotify,I Like Me Better; streaming-era pop breakout
Powfu,https://en.wikipedia.org/wiki/Powfu,Music artist,1999,TikTok/SoundCloud,Death Bed TikTok viral; lo-fi bedroom pop
Cavetown,https://en.wikipedia.org/wiki/Cavetown_(musician),Music artist,1998,YouTube,Trans bedroom-pop; Boys Will Be Bugs; YouTube-built following
Girl in Red,https://en.wikipedia.org/wiki/Girl_in_Red,Music artist,1999,YouTube/Bandcamp,Norwegian queer bedroom-pop; internet cult following
beabadoobee,https://en.wikipedia.org/wiki/Beabadoobee,Music artist,2000,YouTube,Coffee viral; Filipino-British indie; TikTok-driven
Steve Lacy,https://en.wikipedia.org/wiki/Steve_Lacy_(musician),Music artist,1998,Internet,Bad Habit TikTok #1; Internet Money producer
Daniel Caesar,https://en.wikipedia.org/wiki/Daniel_Caesar,Music artist,1995,SoundCloud/YouTube,Best Part; Grammy winner; internet-built R&B
Brent Faiyaz,https://en.wikipedia.org/wiki/Brent_Faiyaz,Music artist,1995,SoundCloud/Internet,Sonder; R&B internet breakout
Khalid,https://en.wikipedia.org/wiki/Khalid_(singer),Music artist,1998,SoundCloud/Internet,Location viral; Grammy-nominated; teen debut
H.E.R.,https://en.wikipedia.org/wiki/H.E.R.,Music artist,1997,YouTube/Internet,YouTube-built R&B; Grammy and Oscar winner
Summer Walker,https://en.wikipedia.org/wiki/Summer_Walker,Music artist,1996,Internet/Streaming,Streaming-era R&B; Girls Need Love viral
Megan Thee Stallion,https://en.wikipedia.org/wiki/Megan_Thee_Stallion,Music artist,1995,YouTube/Internet,Hot Girl Summer; TikTok-driven; Grammy winner
Tinashe,https://en.wikipedia.org/wiki/Tinashe,Music artist,1993,YouTube/Internet,YouTube covers; R&B pop; 2 On breakout
Kehlani,https://en.wikipedia.org/wiki/Kehlani,Music artist,1995,YouTube/SoundCloud,SoundCloud R&B; You Should Be Here mixtape
Jorja Smith,https://en.wikipedia.org/wiki/Jorja_Smith,Music artist,1997,YouTube/SoundCloud,UK R&B; Drake co-sign; internet-built
Ella Mai,https://en.wikipedia.org/wiki/Ella_Mai,Music artist,1994,Internet/Streaming,Boo'd Up viral; Grammy winner
Normani,https://en.wikipedia.org/wiki/Normani,Music artist,1996,Internet/TV,Fifth Harmony; solo TikTok-driven hits
Camila Cabello,https://en.wikipedia.org/wiki/Camila_Cabello,Music artist,1997,Internet/TV,Fifth Harmony; Havana TikTok viral solo breakout
Dua Lipa,https://en.wikipedia.org/wiki/Dua_Lipa,Music artist,1995,YouTube/Streaming,YouTube covers; streaming-era pop star; Grammy winner
Ava Max,https://en.wikipedia.org/wiki/Ava_Max,Music artist,1993,YouTube/Streaming,Sweet but Psycho; streaming-era pop
Kim Petras,https://en.wikipedia.org/wiki/Kim_Petras,Music artist,1992,YouTube/Internet,Trans pop artist; Unholy Grammy winner
Troye Sivan,https://en.wikipedia.org/wiki/Troye_Sivan,Music artist,1995,YouTube,YouTube vlogger turned pop star; Blue Neighbourhood
Joji,https://en.wikipedia.org/wiki/Joji_(musician),Music artist,1992,YouTube,Filthy Frank / Pink Guy; transition to alt-R&B music
DDG,https://en.wikipedia.org/wiki/DDG_(rapper),Music artist,1997,YouTube,YouTube vlog-turned-rapper; streaming hits
6ix9ine,https://en.wikipedia.org/wiki/6ix9ine,Music artist,1996,Internet/YouTube,Controversial rapper; viral internet presence
Lil Pump,https://en.wikipedia.org/wiki/Lil_Pump,Music artist,2000,SoundCloud/YouTube,Gucci Gang SoundCloud viral; SoundCloud rap era
Smokepurpp,https://en.wikipedia.org/wiki/Smokepurpp,Music artist,1997,SoundCloud,SoundCloud rap; early breakout
Ski Mask the Slump God,https://en.wikipedia.org/wiki/Ski_Mask_the_Slump_God,Music artist,1996,SoundCloud,SoundCloud rap; XXXTentacion collaborator
XXXTentacion,https://en.wikipedia.org/wiki/XXXTentacion,Music artist,1998,SoundCloud,SoundCloud rap icon; Look at Me viral; posthumous legacy
Juice WRLD,https://en.wikipedia.org/wiki/Juice_WRLD,Music artist,1998,SoundCloud,Lucid Dreams SoundCloud viral; emo-rap pioneer
Lil Peep,https://en.wikipedia.org/wiki/Lil_Peep,Music artist,1996,SoundCloud,Emo-rap pioneer; SoundCloud cult following
Trippie Redd,https://en.wikipedia.org/wiki/Trippie_Redd,Music artist,1999,SoundCloud,SoundCloud rap; Love Scars viral
Polo G,https://en.wikipedia.org/wiki/Polo_G,Music artist,1999,YouTube/Internet,Pop Out viral; Chicago rap; Billboard #1
NLE Choppa,https://en.wikipedia.org/wiki/NLE_Choppa,Music artist,2002,YouTube/Internet,Shotta Flow viral at 16; Memphis rap
Baby Keem,https://en.wikipedia.org/wiki/Baby_Keem,Music artist,2000,Internet/Streaming,Family Ties; Grammy winner; Kendrick cousin
Yeat,https://en.wikipedia.org/wiki/Yeat,Music artist,2002,TikTok/Internet,TikTok-driven rap; underground-to-mainstream
Playboi Carti,https://en.wikipedia.org/wiki/Playboi_Carti,Music artist,1996,SoundCloud/Internet,SoundCloud rap; Magnolia; cult following
Lil Uzi Vert,https://en.wikipedia.org/wiki/Lil_Uzi_Vert,Music artist,1994,SoundCloud,SoundCloud rap; XO TOUR Llif3 viral; Grammy nominated
21 Savage,https://en.wikipedia.org/wiki/21_Savage,Music artist,1992,Internet/YouTube,Atlanta rap; Bank Account; internet-built following
Gunna,https://en.wikipedia.org/wiki/Gunna,Music artist,1993,Internet/Streaming,Drip Too Hard; streaming-era rap
Lil Baby,https://en.wikipedia.org/wiki/Lil_Baby,Music artist,1994,Internet/Streaming,Drip Too Hard; Grammy nominated; streaming-era rap
Yung Lean,https://en.wikipedia.org/wiki/Yung_Lean,Music artist,1996,YouTube/SoundCloud,Ginseng Strip 2002 viral; sad boys; internet cult icon
Bladee,https://en.wikipedia.org/wiki/Bladee,Music artist,1994,SoundCloud/Internet,Drain Gang; hyperpop pioneer; internet cult following
Sheck Wes,https://en.wikipedia.org/wiki/Sheck_Wes,Music artist,1998,Internet/Streaming,Mo Bamba viral; Travis Scott co-sign
Rina Sawayama,https://en.wikipedia.org/wiki/Rina_Sawayama,Music artist,1990,YouTube/Internet,Internet-built pop; SAWAYAMA; critical acclaim
Arlo Parks,https://en.wikipedia.org/wiki/Arlo_Parks,Music artist,2000,Internet/Streaming,UK poet-pop; Mercury Prize; internet-built
Declan McKenna,https://en.wikipedia.org/wiki/Declan_McKenna,Music artist,1998,YouTube,Brazil YouTube viral; indie pop; Glastonbury
Omar Apollo,https://en.wikipedia.org/wiki/Omar_Apollo,Music artist,1997,YouTube/Streaming,Internet-built bilingual indie-pop; Grammy nominated
SZA,https://en.wikipedia.org/wiki/SZA,Music artist,1989,Internet/Streaming,TDE; Ctrl; streaming-era R&B; Grammy winner
Madison Beer,https://en.wikipedia.org/wiki/Madison_Beer,Music artist,1999,YouTube/Instagram,YouTube covers; Justin Bieber co-sign; TikTok presence
JVKE,https://en.wikipedia.org/wiki/JVKE,Music artist,2001,TikTok,Golden Hour TikTok viral; internet-built pop
Salem Ilese,https://en.wikipedia.org/wiki/Salem_Ilese,Music artist,2000,TikTok,Mad at Disney TikTok viral; songwriter
GAYLE,https://en.wikipedia.org/wiki/GAYLE,Music artist,2004,TikTok,abcdefu TikTok viral; teen pop breakout
Mae Muller,https://en.wikipedia.org/wiki/Mae_Muller,Music artist,1997,Internet/Streaming,UK pop; Eurovision; streaming-era
mxmtoon,https://en.wikipedia.org/wiki/mxmtoon,Music artist,2000,YouTube/TikTok,Bedroom pop; TikTok presence; indie
Gus Dapperton,https://en.wikipedia.org/wiki/Gus_Dapperton,Music artist,1997,YouTube/Internet,Indie pop; internet-built; aesthetic icon
Sub Urban,https://en.wikipedia.org/wiki/Sub_Urban,Music artist,1999,TikTok,Cradles TikTok viral; dark alt-pop
Ruel,https://en.wikipedia.org/wiki/Ruel_(singer),Music artist,2002,YouTube/Internet,Australian teen pop; YouTube; streaming
Lana Rhoades,https://en.wikipedia.org/wiki/Lana_Rhoades,Adult content creator,1996,Internet/OnlyFans,Adult film star turned social media personality; podcast
Riley Reid,https://en.wikipedia.org/wiki/Riley_Reid,Adult content creator,1991,Internet,Adult film star; AVN awards; mainstream crossover
Mia Malkova,https://en.wikipedia.org/wiki/Mia_Malkova,Adult content creator,1992,Internet,Adult film star; Twitch streamer; mainstream crossover
Sasha Grey,https://en.wikipedia.org/wiki/Sasha_Grey,Adult content creator,1988,Internet,Adult film star turned mainstream actress; author; DJ
Stoya,https://en.wikipedia.org/wiki/Stoya,Adult content creator,1986,Internet,Adult film star; writer; mainstream crossover
Tori Black,https://en.wikipedia.org/wiki/Tori_Black,Adult content creator,1988,Internet,Adult film star; AVN Hall of Fame; mainstream crossover
Asa Akira,https://en.wikipedia.org/wiki/Asa_Akira,Adult content creator,1986,Internet,Adult film star; author; podcast host
Bree Olson,https://en.wikipedia.org/wiki/Bree_Olson,Adult content creator,1986,Internet,Adult film star; mainstream media appearances
Dani Daniels,https://en.wikipedia.org/wiki/Dani_Daniels,Adult content creator,1989,Internet,Adult film star; artist; podcast host
Christy Mack,https://en.wikipedia.org/wiki/Christy_Mack,Adult content creator,1991,Internet,Adult film star; model; tattoo icon
Bonnie Rotten,https://en.wikipedia.org/wiki/Bonnie_Rotten,Adult content creator,1993,Internet,Adult film star; AVN awards; producer
Alex Cooper,https://en.wikipedia.org/wiki/Alexandra_Cooper_(podcaster),Podcaster,1994,Podcast,Call Her Daddy; largest female podcast; Spotify deal
Cody Ko,https://en.wikipedia.org/wiki/Cody_Ko,Content creator/Podcaster,1990,YouTube/Podcast,Comedy commentary; Tiny Meat Gang podcast
Noel Miller,https://en.wikipedia.org/wiki/Noel_Miller,Content creator/Podcaster,1989,YouTube/Podcast,Comedy commentary; Tiny Meat Gang; music
Danny Gonzalez,https://en.wikipedia.org/wiki/Danny_Gonzalez,Content creator,1994,YouTube,Comedy commentary; Vine alum; music parodies
Drew Gooden,https://en.wikipedia.org/wiki/Drew_Gooden,Content creator,1993,YouTube,Comedy commentary; Vine alum
Kurtis Conner,https://en.wikipedia.org/wiki/Kurtis_Conner,Content creator,1994,YouTube,Comedy commentary; Vine alum
Michael Reeves,https://en.wikipedia.org/wiki/Michael_Reeves,Content creator,1997,YouTube,Tech/comedy content; OfflineTV member
Sommer Ray,https://en.wikipedia.org/wiki/Sommer_Ray,Instagram influencer,1996,Instagram,Fitness model; massive Instagram following; brand empire
JoJo Siwa,https://en.wikipedia.org/wiki/JoJo_Siwa,Content creator,2003,YouTube/TV,Dance Moms; YouTube personality; music; brand empire
Maddie Ziegler,https://en.wikipedia.org/wiki/Maddie_Ziegler,Content creator,2002,YouTube/TV,Dance Moms star; Sia music videos; actress
Mackenzie Ziegler,https://en.wikipedia.org/wiki/Mackenzie_Ziegler,Content creator,2004,YouTube/TV,Dance Moms; music career; social media
Chloe Lukasiak,https://en.wikipedia.org/wiki/Chloe_Lukasiak,Content creator,2001,YouTube/TV,Dance Moms; actress; YouTube
Bhad Bhabie,https://en.wikipedia.org/wiki/Bhad_Bhabie,Content creator,2003,Internet/TV,Cash me outside meme; rap career; OnlyFans millionaire
Millie Bobby Brown,https://en.wikipedia.org/wiki/Millie_Bobby_Brown,Digital-native celebrity,2004,Netflix/Instagram,Stranger Things; social media; producer
Finn Wolfhard,https://en.wikipedia.org/wiki/Finn_Wolfhard,Digital-native celebrity,2002,Netflix/Instagram,Stranger Things; social media; music
Jenna Ortega,https://en.wikipedia.org/wiki/Jenna_Ortega,Digital-native celebrity,2002,Disney/Instagram,Disney Channel; Wednesday; social media following
Zendaya,https://en.wikipedia.org/wiki/Zendaya,Digital-native celebrity,1996,Disney/Instagram,Disney Channel; Euphoria; social media icon
Tom Holland,https://en.wikipedia.org/wiki/Tom_Holland,Digital-native celebrity,1996,Instagram/Internet,Spider-Man; massive social media following
Timothée Chalamet,https://en.wikipedia.org/wiki/Timoth%C3%A9e_Chalamet,Digital-native celebrity,1995,Instagram/Internet,Call Me By Your Name; social media heartthrob
Anya Taylor-Joy,https://en.wikipedia.org/wiki/Anya_Taylor-Joy,Digital-native celebrity,1996,Netflix/Instagram,Queen's Gambit; social media viral moment
Jacob Elordi,https://en.wikipedia.org/wiki/Jacob_Elordi,Digital-native celebrity,1997,Instagram/Internet,Euphoria; social media following
Sydney Sweeney,https://en.wikipedia.org/wiki/Sydney_Sweeney,Digital-native celebrity,1997,HBO/Instagram,Euphoria; social media icon
Skai Jackson,https://en.wikipedia.org/wiki/Skai_Jackson,Digital-native celebrity,2002,Disney/Instagram,Disney Channel; social media; author
Peyton List,"https://en.wikipedia.org/wiki/Peyton_List_(actress,_born_1998)",Digital-native celebrity,1998,Disney/Instagram,Disney Channel; Jessie; social media following
